{"cameraMode":{"drawMode":0,"name":"Shaded","section":"Shading Mode"},"sceneLighting":true,"audioPlay":false,"sceneViewState":{"m_AlwaysRefresh":false,"showFog":true,"showSkybox":true,"showFlares":true,"showImageEffects":true,"showParticleSystems":true,"showVisualEffectGraphs":true,"m_FxEnabled":true},"in2DMode":false,"pivot":{"x":-4.588240146636963,"y":3.870171070098877,"z":-21.33782386779785},"rotation":{"x":0.060462456196546558,"y":0.05476875230669975,"z":0.0033207889646291734,"w":-0.9966657757759094},"size":4.495007514953613,"orthographic":false}