{"cameraMode":{"drawMode":0,"name":"Shaded","section":"Shading Mode"},"sceneLighting":false,"audioPlay":false,"sceneViewState":{"m_AlwaysRefresh":false,"showFog":true,"showSkybox":false,"showFlares":true,"showImageEffects":true,"showParticleSystems":true,"showVisualEffectGraphs":true,"m_FxEnabled":true},"in2DMode":false,"pivot":{"x":0.000014781951904296875,"y":1.6641883850097657,"z":0.139373779296875},"rotation":{"x":0.01561595406383276,"y":0.7442395687103272,"z":0.017411494627594949,"w":-0.6675077080726624},"size":0.8270542621612549,"orthographic":false}